name,price,discount_price,total_sell,revenue
Áo thun nam Cotton Compact phiên bản Premium chống nhăn Coolmate,259000,239000,46200,11965800000
Combo 3 quần lót nam Trunk Modal (Gỗ sồi) kháng khuẩn thương hiệu Coolmate,279000,259000,34800,9709200000
Quần thể thao nam Ultra Short co giãn có túi khóa kéo thương hiệu Coolmate,189000,99000,38400,7257600000
Combo 3 quần lót nam dáng Trunk Bamboo kháng khuẩn Coolmate,299000,159000,53500,15996500000
Combo 2 quần lót nam Trunk Bamboo kháng khuẩn thương hiệu Coolmate,199000,179000,22500,4477500000
Combo 3 Quần lót tam giác nam BRIEF BAMBOO kháng khuẩn Coolmate,229000,219000,16900,3870100000
Áo thun nam 100% Cotton USA Coolmate Basics thương hiệu Coolmate,105000,105000,38100,4000500000
Quần Short nam Ultra Pro thoải mái vận động (có túi khóa kéo) thương hiệu Coolmate,189000,179000,18800,3553200000
Áo thun nam DÀI TAY Cotton Compact Premium chống nhăn thương hiệu Coolmate,179000,179000,15500,2774500000
Quần thể thao nam Max Ultra Short kiểu dáng thể thao có thêm túi khóa sau tiện lợi Coolmate,199000,189000,13200,2626800000
Áo sát nách thể thao nam Dri-Breathe thoáng mát tối đa thương hiệu Coolmate,189000,179000,6700,1266300000
Áo Polo thể thao nam ProMax-S1 Logo thương hiệu Coolmate,159000,159000,24000,3816000000
Set 2 quần lót nam Trunk Modal (gỗ sồi) mềm mại thấm hút tốt thương hiệu Coolmate,186000,169000,4600,855600000
Áo Polo nam Excool khô thoáng chống nhăn thương hiệu Coolmate,399000,399000,8600,3431400000
"Quần thể thao nam Maxcool màu ĐEN co dãn, thoải mái thương hiệu Coolmate",129000,99000,30400,3921600000
Quần nỉ nam Jogger Casual co giãn - thương hiệu Coolmate,299000,299000,3700,1106300000
Combo 5 quần sịp nam Trunk Cotton co giãn thoải mái thương hiệu Coolmate,496000,249000,15700,7787200000
Áo thun nam dài tay cổ trụ Prime Henley Cotton Compact Premium thương hiệu Coolmate,269000,199000,7200,1936800000
Áo thun nam IN COOLMATE Cotton Compact phiên bản Premium,259000,219000,5600,1450400000
"Combo 3 quần sịp tam giác Cotton đen, xám, xanh ghi Coolmate TG-DXXg",219000,199000,4000,876000000
Quần lót nam dáng Trunk Bamboo kháng khuẩn thương hiệu Coolmate,99000,99000,4700,465300000
"Combo dùng thử quần lót nam Trunk 3 chất liệu Cotton, Modal, Bamboo thương hiệu Coolmate",283000,199000,9400,2660200000
"Combo dùng thử quần lót TAM GIÁC nam 3 chất liệu Cotton, Modal, Bamboo thương hiệu Coolmate",209000,149000,12200,2549800000
Combo 5 quần lót nam tam giác Cotton thương hiệu Coolmate (ngẫu nhiên 2-3 màu),400000,299000,11300,4520000000
Combo 3 quần lót nam Brief Boxer Bamboo kháng khuẩn Coolmate,349000,279000,6200,2163800000
Quần lót nam Trunk Modal vải sợi gỗ sồi thương hiệu Coolmate,139000,99000,3300,458700000
Combo 3 quần lót TAM GIÁC nam BRIEF MODAL (gỗ sồi) mềm mại thương hiệu Coolmate,229000,219000,3600,824400000
Set 3 quần lót nam Brief Boxer Modal (gỗ sồi) thoáng mát khử mùi thương hiệu Coolmate,299000,279000,2300,687700000
Combo 2 quần thể thao nam Ultra Short có túi khóa kéo thương hiệu Coolmate,378000,378000,1800,680400000
Quần lót tam giác nam Brief Cotton co giãn thương hiệu Coolmate,73000,73000,2900,211700000
Tất thể thao nam Techfit co giãn thoáng khí thương hiệu Coolmate,49000,39000,5900,289100000
Quần lót nam tam giác Brief Bamboo kháng khuẩn Coolmate,83000,83000,4900,406700000
Combo 2 áo thun nam Cotton Compact phiên bản Premium chống nhăn thương hiệu Coolmate,518000,518000,1300,673400000
Áo thun nam in Care&Share bên trái Cotton Compact  thương hiệu Coolmate,259000,259000,896,232064000
Quần lót nam Trunk Cotton Compact siêu mát S2 thương hiệu Coolmate,99000,99000,5200,514800000
Áo thun nam 100% Cotton Coolmate Basics màu ĐEN thương hiệu Coolmate,119000,119000,1000,119000000
Áo thun nam 100% Cotton Coolmate Basics màu TRẮNG thương hiệu Coolmate,119000,119000,1700,202300000
Áo thun nam Cotton Compact Premium chống nhăn màu ĐEN Coolmate,239000,239000,1100,262900000
Combo 03 quần lót nam New Trunk Cotton Compact co giãn - màu đen thương hiệu Coolmate,289000,289000,1100,317900000
Áo thun nam 100% Cotton Coolmate Basics màu CACAO thương hiệu Coolmate,119000,119000,1500,178500000
Áo thun nam in Care&Share Cotton Compact Premium (chính giữa) thương hiệu Coolmate,259000,259000,718,185962000
Áo thun nam 100% Cotton Coolmate Basics màu XANH BIỂN thương hiệu Coolmate,119000,119000,1300,154700000
Combo 3 quần lót nam Trunk Cotton Compact siêu mát S2 thương hiệu Coolmate,289000,289000,3300,953700000
"Áo giữ nhiệt nam Modal Ultra Warm siêu ấm, thoáng khí - thương hiệu Coolmate",289000,289000,3900,1127100000
QUÀ TẶNG Bình giữ nhiệt in Logo Coolmate,299000,299000,2800,837200000
Combo 2 quần lót nam Trunk chất liệu Cotton và Bamboo kháng khuẩn thương hiệu Coolmate,189000,159000,2100,396900000
"Áo thun nam Cotton Compact in ""I AM LIMITED""  phản quang - Màu đen thương hiệu Coolmate",259000,259000,1400,362600000
Áo thun nam Cotton Compact phiên bản Premium chống nhăn màu trắng Coolmate,259000,259000,819,212121000
Quần THỂ THAO nam Jogger đai chun co giãn Coolmate,279000,279000,2600,725400000
Áo thun nam Cotton Compact phiên bản Premium chống nhăn màu XANH NAVY Coolmate,259000,239000,335,86765000
Áo thun nam 100% Cotton Coolmate Basics màu RÊU BỤI thương hiệu Coolmate,119000,119000,1400,166600000
"Áo thun nam 100% Cotton in "" Paradox ""  màu đen - thương hiệu Coolmate",119000,119000,1600,190400000
"Áo thun nam 100% Cotton in "" FAMILY"" - Màu đen thương hiệu Coolmate:",119000,119000,1300,154700000
Túi tote vải Canvas tiện lợi Care & Share - thương hiệu Coolmate,119000,119000,89,10591000
"Áo thun Cotton Compact in ""Hà Nội thứ 7 phải đi làm""  Màu đen - Thương hiệu Coolmate",259000,259000,126,32634000
Combo 3 quần lót nam Trunk Bamboo S2 kháng khuẩn màu trắng thương hiệu Coolmate,299000,299000,609,182091000
"Quần dài nam Daily Pants - sợi Sorona, nhuộm Cleandye thương hiệu Coolmate",279000,279000,7800,2176200000
Quần short thể thao nam ProMax thoáng khí thoải mái thương hiệu Coolmate,189000,179000,4100,774900000
Áo Polo nam SCafé nam tính - khử mùi hiệu quả thương hiệu Coolmate,329000,329000,2100,690900000
Quần thể thao nam Daily Short có khoá kéo năng động thương hiệu Coolmate,269000,269000,1400,376600000
Quần Short nam mặc nhà Coolmate Basics nhanh khô thoáng khí thương hiệu Coolmate,69000,69000,6000,414000000
Áo thể thao nam Recycle Coolmate Basics thấm hút nhanh khô,99000,99000,8200,811800000
Quần lót nam tam giác Brief Modal (gỗ sồi) mềm mại thương hiệu Coolmate,77000,77000,2700,207900000
Quần lót nam Brief Coolmate Basics nhiều màu,49000,49000,1800,88200000
Quần lót nam Trunk Coolmate Basics nhiều màu,56000,56000,5100,285600000
Set 3 quần lót nam Trunk COOLMATE BASICS thoáng mát,169000,169000,1600,270400000
Áo thun nam ngắn tay Cotton Compact phiên bản Premium chống nhăn Coolmate,239000,239000,1900,454100000
Combo 3 quần lót nam Brief Coolmate Basics không viền êm ái,149000,149000,1000,149000000
Quần dài nam Kaki Excool co giãn đàn hồi thương hiệu Coolmate,499000,499000,1400,698600000
Quần Shorts Nam New French Terry thương hiệu Coolmate,259000,259000,709,183631000
"Áo thun đen Coolmate in ""Stop thinking- Start drinking vải Cotton Compact",259000,259000,582,150738000
Set 2 quần lót Bamboo Trunk kháng khuẩn khử mùi Coolmate,199000,199000,925,184075000
Áo khoác gió trẻ em New Normal Kids thương hiệu Coolmate,399000,399000,192,76608000
Áo DÀI TAY nam IN CARE&SHARE Cotton Compact phiên bản Premium màu đen thương hiệu Coolmate,269000,269000,113,30397000
Áo ba lỗ Cotton 100% Coolmate Basics V2 - thương hiệu coolmate,89000,89000,5200,462800000
Quần short nam thể thao 7” Function - thương hiệu Coolmate,119000,119000,1600,190400000
Áo thun thể thao nam Recycle Active V2 thoáng khí nhanh khô - thương hiệu Coolmate,159000,159000,664,105576000
"Áo khoác gió thể thao HeiQ ViroBlock, chống UV & trượt nước thương hiệu Coolmate",499000,499000,1600,798400000
Áo thun thể thao nam Active ProMax thấm hút nhanh khô - thương hiệu Coolmate,179000,179000,1200,214800000
Tất cổ ngắn Cotton thoáng khí - Thương hiệu Coolmate,33000,33000,1300,42900000
Áo polo nam thể thao thoáng khí nhuộm sạch Cleandye thương hiệu Coolmate,289000,289000,1500,433500000
Quần lót nam Trunk Tencel mềm mại thấm hút tốt - thương hiệu Coolmate,99000,99000,626,61974000
Áo Polo thể thao nam PROMAX-S2 dáng slimfit thoáng khí thương hiệu Coolmate,289000,289000,1800,520200000
Quần short nam thể thao 5” Function ( túi đựng 2 bên tiện lợi ) - thương hiệu Coolmate,169000,169000,1700,287300000
Combo 3 Quần lót Trunk vải Cotton Modal đen cạp mới co giãn không vết hằn - thương hiệu Coolmate,299000,299000,1400,418600000
Quần TAM GIÁC nam Cotton Compact (khoét hơn) thương hiệu Coolmate,67000,67000,3300,221100000
Combo 4 tất cổ ngắn Cotton thoáng khí - thương hiệu Coolmate,119000,119000,1000,119000000
Combo 4 đôi tất cổ trung Cotton thoáng khí - thương hiệu Coolmate,149000,149000,1100,163900000
Áo thun thể thao nam Recycle Active V1 thoáng khí mát mẻ - thương hiệu Coolmate,169000,169000,622,105118000
"Quần thể thao nam 7"" New Ultra Shorts có khóa kéo thương hiệu Coolmate",239000,239000,2200,525800000
"Quần short nam thể thao Recycle 7"" thoáng khí thương hiệu Coolmate",239000,239000,694,165866000
Áo thun thể thao nam Recycle Tee nhanh khô khử mùi (Có nhãn ép) - Thương hiệu Coolmate,159000,159000,731,116229000
Áo Polo nam Pique Cotton USA cổ sọc thấm hút tối đa - Thương hiệu Coolmate,379000,379000,521,197459000
"Quần thể thao Recycle 5"" thoáng khí thương hiệu Coolmate",149000,149000,2200,327800000
Quần Shorts mặc nhà Excool Coolmate,89000,89000,2300,204700000
Combo 3 quần lót nam Trunk Tencel mềm mại thấm hút tốt - thương hiệu Coolmate,299000,299000,429,128271000
Áo polo nam công nghệ khử mùi Anti-Smell - thương hiệu Coolmate,349000,349000,1200,418800000
Quần Jeans Clean Denim dáng Slimfit thoải mái vận động - thương hiệu Coolmate,599000,599000,693,415107000
Áo Polo thể thao nam Recycle Active V1 (L2) thoáng khí mát mẻ - thương hiệu Coolmate,249000,249000,348,86652000
Combo 3 đôi tất cổ dài Cotton Solid Casual mềm mại thoáng khí - thương hiệu Coolmate,109000,109000,363,39567000
Combo 03 Áo Polo thể thao nam ProMax-S1 Logo thoáng khí - thương hiệu Coolmate,599000,599000,612,366588000
Tất cổ trung Cotton thoáng khí khử mùi mới - Thương hiệu Coolmate,38000,38000,413,15694000
Set 2 quần lót nam Trunk Microfiber Excool thoáng khí thương hiệu Coolmate,239000,239000,294,70266000
Áo Polo thể thao nam PROMAX-S2 thoáng khí thương hiệu Coolmate,289000,289000,1300,375700000
Áo Tank Top thể thao nam Recycle Active V1 thoáng khí mát mẻ - thương hiệu Coolmate,159000,159000,281,44679000
"Combo 03 Quần short nam thể thao Recycle 5"" thoáng khí - thương hiệu Coolmate",447000,447000,507,226629000
ÁO THUN thể thao nam ProMax-S1 thấm hút nhanh khô thương hiệu Coolmate,179000,179000,743,132997000
Set 2 quần lót Bamboo Brief tam giác kháng khuẩn - thương hiệu Coolmate,169000,169000,412,69628000
Combo 03 Áo thun thể thao nam ProMax-S1 thấm hút nhanh khô - thương hiệu Coolmate,459000,459000,418,191862000
Áo thun thể thao nam ProMax-S2 thoáng khí - Thương hiệu Coolmate,189000,189000,558,105462000
Áo thun tập gym nam Technical nhanh khô - thương hiệu Coolmate,139000,139000,129,17931000
Áo Polo thể thao nam Recycle Active V2 thoáng khí nhanh khô - thương hiệu Coolmate,219000,219000,258,56502000
Quần Jeans Clean Denim dáng Slimfit S2 - thương hiệu Coolmate,549000,549000,211,115839000
Combo 03 Áo Tank top T2 thể thao nam thoáng khí thương hiệu Coolmate,537000,537000,276,148212000
Tất cổ ngắn Modal kháng khuẩn -  Thương hiệu Coolmate,35000,35000,238,8330000
Áo thun nam thể thao Essential logo Coolmate thoáng khí - thương hiệu Coolmate,179000,179000,163,29177000
Quần Short Nam New French Terry V2 co giãn (thêu logo) - thương hiệu Coolmate,259000,259000,86,22274000
"Quần short nam thể thao 5"" V2 New Ultra co giãn (có xẻ gấu & túi khóa sau) - thương hiệu Coolmate",189000,189000,796,150444000
Mũ nón lưỡi trai nam thoáng khí phối lưới Baseball Cap - Thương hiệu Coolmate,149000,149000,226,33674000
Áo Tank top T2 thể thao nam thoáng khí - thương hiệu Coolmate,179000,179000,344,61576000
"Áo tank top tập gym nam Essential Logo thoáng khí, thấm hút tốt - thương hiệu Coolmate",129000,129000,81,10449000
Mũ Nón lưỡi trai nam Simple Cool V2 (Form cứng) - thương hiệu Coolmate,199000,199000,78,15522000
Tất cổ dài Cotton Solid Casual hút ẩm thoáng khí - Thương hiệu Coolmate,40000,40000,184,7360000
Áo Polo nam Pique Cotton USA TRƠN MÀU thấm hút tối đa - Thương hiệu Coolmate,399000,399000,100,39900000
Áo Sơ mi nam ngắn tay Excool Limited siêu nhẹ khử mùi - Thương hiệu Coolmate,349000,349000,223,77827000
Quần nam Daily Short Excool V2 - sợi Sorona siêu bền chống tia UV (có túi sau) - thương hiệu Coolmate,269000,269000,99,26631000
Quần lót nam Brief Boxer Modal (gỗ sồi) mềm mại - thương hiệu Coolmate,99000,99000,280,27720000
"Áo thun Cotton Compact in ""I Love You In Every Universe” màu Đen Mẫu 1 - thương hiệu Coolmate",289000,289000,452,130628000
Combo 3 đôi tất cổ ngắn phối màu khử mùi mới - thương hiệu Coolmate,109000,109000,144,15696000
"Áo thun Cotton Compact in ""Tôi đau lưng ở mọi vũ trụ"" màu đen - thương hiệu Coolmate",279000,279000,79,22041000
"Quần shorts nam thể thao 5"" V1 xẻ gấu (túi sau có khóa kéo) - thương hiệu Coolmate",189000,189000,233,44037000
Quần Jeans Clean Denim dáng Slimfit S3 - thương hiệu Coolmate,599000,599000,112,67088000
Combo 02 Quần short nam thể thao ProMax-S1 thoáng khí - thương hiệu Coolmate,378000,378000,396,149688000
Áo thun cổ tròn Excool thấm hút và nhanh khô thương hiệu Coolmate,299000,299000,400,119600000
Quần thể thao nam ULTRA SHORT 7'' thoáng khí dễ vận động - thương hiệu Coolmate,189000,189000,57,10773000
CoolActive Box - Đồ bộ thể thao nam vận động thoải mái- màu ĐEN thương hiệu Coolmate,428000,428000,321,137388000
Quần thể thao nam ULTRA SHORT 5'' thoáng khí dễ vận động - thương hiệu Coolmate,169000,169000,57,9633000
"Áo thun nam Daily Tee thoáng khí, nhuộm sạch Cleandye Coolmate",199000,199000,536,106664000
Combo 3 Quần short nam thể thao 5” Function ( túi đựng 2 bên tiện lợi ) - thương hiệu Coolmate,509000,509000,120,61080000
Mũ nón lưỡi trai nam thoáng khí phối lưới Baseball Cap logo Coolmate,159000,159000,130,20670000
"Áo thun Cotton Compact phiên bản mới Premium chống nhăn in ""Let's start a journey"" màu đen Coolmate",289000,289000,350,101150000
"Áo thun Cotton Compact in ""I Love You In Every Universe” màu Đen Mẫu 3 - thương hiệu Coolmate",289000,289000,358,103462000
"Quần short nam Movement 5"" co giãn - thương hiệu Coolmate",199000,199000,170,33830000
"Active Box - Set đồ thể thao nam sát nách, vận động luôn thoải mái thương hiệu Coolmate",338000,338000,277,93626000
"Áo thun Cotton Compact in ""I Love You In Every Universe” màu Đen Mẫu 2 - thương hiệu Coolmate",289000,289000,467,134963000
Tất thể thao cổ dài Compression Cushion thương hiệu Coolmate,69000,69000,188,12972000
CoolActive Box - Đồ bộ thể thao nam vận động thoải mái - Xanh Aqua thương hiệu Coolmate,428000,428000,222,95016000
Speed Box - Luôn thoáng mát - thương hiệu Coolate,368000,368000,38,13984000
Áo thun trơn co giãn 4 chiều CLEAN VIETNAM - thương hiệu Coolmate,269000,269000,171,45999000
Combo 2 áo polo thể thao nam PROMAX S2 thoáng khí - thương hiệu Coolmate,578000,578000,69,39882000
Áo thun Cotton Compact Care & Share phiên bản Line Print - Thương hiệu Coolmate,259000,259000,142,36778000
Áo thun Cotton Compact chống nhăn in Tào phớ - Màu đen - Thương hiệu Coolmate,259000,259000,198,51282000
"Proudly | Áo thun Cotton 100% màu xanh lá ""See me: Spinning"" in nét chính giữa - thương hiệu Coolmate",169000,169000,31,5239000
"Áo thun nam Cotton Compact in ""Happiness"" màu đen thương hiệu Coolmate",259000,259000,150,38850000
Combo 03 Quần lót Trunk Pima Cotton thấm hút tốt - thương hiệu Coolmate,299000,299000,28,8372000
Quần lót nam New Trunk Cotton Compact co giãn - màu đen - thương hiệu Coolmate,99000,99000,724,71676000
Áo thun Cotton Compact chống nhăn in Phở - Màu đen - Thương hiệu Coolmate,259000,259000,129,33411000
Combo 3 khẩu trang trẻ em Coolmate công nghệ HeiQ Viroblock - màu đen,89000,89000,54,4806000
Áo Polo thể thao nam dáng ProMax-S1 xanh da trời thoáng khí Logo Coolmate,239000,239000,1100,262900000
CoolActive Box - Đồ bộ thể thao nam vận động thoải mái XANH BÓNG ĐÊM - thương hiệu Coolmate,428000,428000,80,34240000
Áo thun Marvel Thanos Quote - thương hiệu Coolmate,299000,299000,76,22724000
"Quần short thể thao nam Movement 5"" thoải mái vận động - thương hiệu Coolmate",199000,199000,90,17910000
"Áo thun Cotton Compact in "" The Walking Dad"" - Màu đen - thương hiệu Coolmate",259000,259000,112,29008000
Áo thun Cotton Compact chống nhăn in Trà đá vỉa hè - Màu đen- Thương hiệu Coolmate,259000,259000,94,24346000
"Áo thun Cotton Compact chống nhăn in ""It's okay to not be okay""  - thương hiệu Coolmate",259000,259000,100,25900000
"Áo thun Cotton Compact in ""Hôm nào cà phê nhé!"" - Màu đen - thương hiệu Coolmate",259000,259000,83,21497000
Combo 2 Áo polo nam thể thao Promax-S1 thoáng khí - thương hiệu Coolmate,478000,478000,35,16730000
Combo 3 Quần lót Trunk nam khử mùi Anti-Smell thương hiệu Coolmate,299000,299000,67,20033000
"Áo thun Marvel Captain ""I choose honor"" - thương hiệu Coolmate",299000,299000,14,4186000
Áo thun Marvel thêu Basics - thương hiệu Coolmate,299000,299000,21,6279000
Áo thun in Choose Love CLEAN VIETNAM - thương hiệu Coolmate,299000,299000,40,11960000
"Áo thun nam Cotton Compact in ""Ps. I love you"" màu đen thương hiệu Coolmate",259000,259000,130,33670000
Recycle Box 2 - Hướng đến sự bền vững - thương hiệu Coolmate,518000,518000,11,5698000
Combo 3 đôi tất phối xanh thoáng khí khử mùi - thương hiệu Coolmate,109000,109000,27,2943000
Áo thun Marvel Loki Quote -  thương hiệu Coolmate,299000,299000,43,12857000
"Quần short nam thể thao Movement 7"" co giãn nhanh khô - Thương hiệu Coolmate",239000,239000,65,15535000
Proudly | Quần short nam Promax-S1 thoáng khí màu đen - thương hiệu Coolmate,219000,219000,9,1971000
CoolActive Box - Đồ bộ thể thao nam vận động thoải mái - màu TRẮNG-ĐEN thương hiệu Coolmate,428000,428000,29,12412000
"Proudly | Áo thun Cotton Compact ""See me: Weaving"" in nét - thương hiệu Coolmate",269000,269000,8,2152000
Áo thun Marvel Graphics Earth's Mightiest Heroes - thương hiệu Coolmate,299000,299000,36,10764000
Proudly | Mũ/Nón lưới trai Baseball Cap đứng form - thương hiệu Coolmate,169000,169000,7,1183000
Áo thun OVERSIZE in Save The Future CLEAN VIETNAM - màu Đen - thương hiệu Coolmate,329000,329000,18,5922000
Quick-Dry Box - Không ngại vận động - thương hiệu Coolmate,438000,438000,8,3504000
Áo thun Marvel The Armored Avenger- thương hiệu Coolmate,299000,299000,48,14352000
Áo thun Marvel Spider Man To The Rescue - thương hiệu Coolmate,299000,299000,35,10465000
"Proudly | Áo thun Cotton Compact ""See me: Spinning"" in nét chính giữa - thương hiệu Coolmate",269000,269000,5,1345000
Promax Box - Bứt phá mọi giới hạn - thương hiệu Coolmate,437000,437000,5,2185000
Áo thun Cotton Compact in Care&Share phiên bản Văn Phòng - thương hiệu Coolmate,259000,259000,4,1036000
Áo thun Marvel Changing World - thương hiệu Coolmate,299000,299000,18,5382000
Áo thun in save the future CLEAN VIETNAM - màu Đen - thương hiệu Coolmate,299000,299000,46,13754000
Áo thun in Heal The World Clean Vietnam co giãn 4 chiều - màu Xanh Forest - thương hiệu Coolmate,299000,299000,66,19734000
Áo thun Marvel Graphics Avengers - thương hiệu Coolmate,299000,299000,4,1196000
Áo thun Cotton Compact Care & Share phiên bản Line Print - mẫu tử - thương hiệu Coolmate,259000,259000,28,7252000
"Áo thun Marvel Thor ""I choose Worthiness"" - thương hiệu Coolmate",299000,299000,3,897000
[ Quà Tặng ] Mũ Nón lưỡi trai baseball MÀU ĐEN phối lưới thoáng khí - thương hiệu Coolmate,159000,159000,3,477000
Áo thun Cotton Compact in Care&Share phiên bản Cầu Vồng - thương hiệu Coolmate,259000,259000,2,518000
Áo thun Cotton Compact in Care&Share phiên bản Mặt Trời - thương hiệu Coolmate,259000,259000,2,518000
Áo thun Marvel Ironman Tony Stark - thương hiệu Coolmate,299000,299000,2,598000
"Proudly | Áo thun Cotton Compact ""Factory"" in màu - thương hiệu Coolmate",269000,269000,2,538000
Áo thun in Love More CLEAN VIETNAM - màu Đen - thương hiệu Coolmate,299000,299000,27,8073000
Áo thun Marvel Spider Man Sense - thương hiệu Coolmate,299000,299000,31,9269000
Áo thun Marvel Bring the thunder - thương hiệu Coolmate,299000,299000,15,4485000
Áo thun in Peace CLEAN VIETNAM - màu Đen - thương hiệu Coolmate,299000,299000,4,1196000
"Proudly | Áo thun Cotton Compact ""See me: Sewing"" in nét - thương hiệu Coolmate",269000,269000,1,269000
Áo thun Cotton Compact in Care&Share phiên bản Hoa - thương hiệu Coolmate,259000,259000,1,259000
Áo thun Marvel Captain America Quote -  thương hiệu Coolmate,299000,299000,19,5681000
"Proudly | Áo thun Cotton Compact ""See me: Weaving"" in màu - thương hiệu Coolmate",269000,269000,0,0
"[HỘP QUÀ BÍ MẬT 10.10] - Nhận 2 trong 3 sản phẩm (Áo polo Excool, Áo polo USA, Áo sơ mi Excool) thương hiệu Coolmate",1147000,1147000,0,0
Băng tay thể thao Coolmate,29000,29000,257,7453000
"Proudly | Áo thun Cotton Compact ""See me: Spinning"" in màu - thương hiệu Coolmate",269000,269000,0,0
Áo thun Printed Venom V2 - thương hiệu Coolmate,299000,299000,0,0
Áo khoác nỉ nam For Winter (có mũ trùm tiện lợi) - thương hiệu Coolmate,499000,499000,1,499000
Áo ba lỗ Cotton 100% Coolmate Basics V2 màu XANH NAVY - thương hiệu coolmate,89000,89000,0,0
Áo thun Cotton Compact in WE ARE SO COOL - thương hiệu Coolmate,289000,289000,0,0
